scenario,num_samples,end_to_end_success_rate,recover_success_rate,avg_attempts,avg_latency_ms,num_failures,delta_end_to_end_success_rate_vs_baseline,delta_recover_success_rate_vs_baseline
baseline,52.0,0.4807692307692308,0.2692307692307692,2.4423076923076925,667.166615354982,31.0,0.0,0.0
tool_newly_added,52.0,0.6153846153846154,0.4423076923076923,2.5,723.2324846350261,30.0,0.13461538461538464,0.17307692307692307
tool_offline,52.0,0.17307692307692307,0.17307692307692307,2.9423076923076925,783.4947759030409,49.0,-0.3076923076923077,-0.09615384615384615
tool_replaced,52.0,0.5961538461538461,0.34615384615384615,2.2884615384615383,646.6726715935945,23.0,0.11538461538461536,0.07692307692307693
