model,split,num_runs,seeds,tool_selection_accuracy_mean,tool_selection_accuracy_std,hallucination_rate_mean,hallucination_rate_std,unknown_detection_f1_mean,unknown_detection_f1_std,end_to_end_success_rate_mean,end_to_end_success_rate_std,avg_latency_ms_mean,avg_latency_ms_std,json_valid_rate_mean,json_valid_rate_std
base,dev,3,42|43|44,0.34959349593495936,0.022995342477611296,0.4444444444444445,0.01571348402636772,0.0,0.0,0.2388888888888889,0.01571348402636772,0.3230337467458513,0.0007052782694192676,1.0,0.0
base,test,3,42|43|44,0.3125,0.01701034543599428,0.55,0.01360827634879543,0.0,0.0,0.25,0.01360827634879543,0.33717240310377544,0.0069157382246685375,1.0,0.0
large,dev,3,42|43|44,0.3170731707317073,0.0,0.4666666666666667,0.0,0.0,0.0,0.21666666666666667,0.0,0.32047625217172837,0.0019964158148683413,1.0,0.0
large,test,3,42|43|44,0.22916666666666666,0.01701034543599429,0.6166666666666667,0.01360827634879543,0.0,0.0,0.18333333333333332,0.013608276348795443,0.33749472349882126,0.005878652574912968,1.0,0.0
small,dev,3,42|43|44,0.2764227642276423,0.03041997875425969,0.49444444444444446,0.020786985482077466,0.0,0.0,0.18888888888888888,0.020786985482077462,0.31813219603565007,0.003694654607220117,1.0,0.0
small,test,3,42|43|44,0.2847222222222222,0.03928371006591931,0.5722222222222223,0.03142696805273544,0.0,0.0,0.22777777777777777,0.031426968052735454,0.31828108347124523,0.002102676521930618,1.0,0.0
