{
  "strategy": "balanced",
  "seeds": [
    42,
    43,
    44
  ],
  "splits": {
    "dev": {
      "unknown_f1_before": {
        "mean": 0.0,
        "std": 0.0
      },
      "unknown_f1_after": {
        "mean": 0.2812865497076023,
        "std": 0.051852584672890965
      },
      "hallucination_before": {
        "mean": 0.4444444444444445,
        "std": 0.01571348402636772
      },
      "hallucination_after": {
        "mean": 0.2777777777777778,
        "std": 0.01571348402636772
      },
      "e2e_before": {
        "mean": 0.2388888888888889,
        "std": 0.01571348402636772
      },
      "e2e_after": {
        "mean": 0.24444444444444444,
        "std": 0.01571348402636772
      },
      "delta_unknown_f1_mean": 0.2812865497076023,
      "delta_hallucination_mean": -0.16666666666666669,
      "delta_e2e_mean": 0.005555555555555554
    },
    "test": {
      "unknown_f1_before": {
        "mean": 0.0,
        "std": 0.0
      },
      "unknown_f1_after": {
        "mean": 0.29976685796269725,
        "std": 0.009022722617217347
      },
      "hallucination_before": {
        "mean": 0.55,
        "std": 0.01360827634879543
      },
      "hallucination_after": {
        "mean": 0.3388888888888889,
        "std": 0.043744488188954524
      },
      "e2e_before": {
        "mean": 0.25,
        "std": 0.01360827634879543
      },
      "e2e_after": {
        "mean": 0.24444444444444444,
        "std": 0.06285393610547088
      },
      "delta_unknown_f1_mean": 0.29976685796269725,
      "delta_hallucination_mean": -0.2111111111111111,
      "delta_e2e_mean": -0.005555555555555554
    }
  }
}
