{
  "calibration": {
    "f1": 0.07692307692307693,
    "false_reject_rate": 0.14634146341463414,
    "fn": 18,
    "fp": 6,
    "precision": 0.14285714285714285,
    "recall": 0.05263157894736842,
    "threshold": 0.155,
    "tn": 35,
    "tp": 1,
    "unknown_miss_rate": 0.9473684210526315
  },
  "policy": {
    "dev_action_summary": {
      "clarify_rate": 0.23333333333333334,
      "effective_threshold": 0.155,
      "execute_rate": 0.65,
      "min_confidence": 0.35,
      "num_clarify": 14.0,
      "num_execute": 39.0,
      "num_reject": 7.0,
      "num_total": 60.0,
      "reject_rate": 0.11666666666666667
    },
    "effective_threshold": 0.155,
    "test_action_summary": {
      "clarify_rate": 0.05,
      "effective_threshold": 0.155,
      "execute_rate": 0.6333333333333333,
      "min_confidence": 0.35,
      "num_clarify": 3.0,
      "num_execute": 38.0,
      "num_reject": 19.0,
      "num_total": 60.0,
      "reject_rate": 0.31666666666666665
    }
  },
  "splits": {
    "dev": {
      "after": {
        "metrics": {
          "avg_cost_per_request_usd": 0.0,
          "avg_latency_ms": 0.2811486522356667,
          "end_to_end_success_rate": 0.26666666666666666,
          "hallucination_rate": 0.26666666666666666,
          "json_valid_rate": 1.0,
          "num_predictions": 60.0,
          "tool_selection_accuracy": 0.24390243902439024,
          "unknown_detection_f1": 0.3
        },
        "status": {
          "false_reject_count": 15.0,
          "false_reject_rate": 0.25,
          "num_total": 60.0,
          "unknown_miss_count": 13.0,
          "unknown_miss_rate": 0.21666666666666667
        }
      },
      "before": {
        "metrics": {
          "avg_cost_per_request_usd": 0.0,
          "avg_latency_ms": 0.2811486522356667,
          "end_to_end_success_rate": 0.25,
          "hallucination_rate": 0.43333333333333335,
          "json_valid_rate": 1.0,
          "num_predictions": 60.0,
          "tool_selection_accuracy": 0.36585365853658536,
          "unknown_detection_f1": 0.0
        },
        "status": {
          "false_reject_count": 0.0,
          "false_reject_rate": 0.0,
          "num_total": 60.0,
          "unknown_miss_count": 19.0,
          "unknown_miss_rate": 0.31666666666666665
        }
      },
      "delta": {
        "delta_end_to_end_success_rate": 0.016666666666666663,
        "delta_hallucination_rate": -0.16666666666666669,
        "delta_json_valid_rate": 0.0,
        "delta_tool_selection_accuracy": -0.12195121951219512,
        "delta_unknown_detection_f1": 0.3
      }
    },
    "test": {
      "after": {
        "metrics": {
          "avg_cost_per_request_usd": 0.0,
          "avg_latency_ms": 0.3275092070301373,
          "end_to_end_success_rate": 0.2,
          "hallucination_rate": 0.4,
          "json_valid_rate": 1.0,
          "num_predictions": 60.0,
          "tool_selection_accuracy": 0.14583333333333334,
          "unknown_detection_f1": 0.29411764705882354
        },
        "status": {
          "false_reject_count": 17.0,
          "false_reject_rate": 0.2833333333333333,
          "num_total": 60.0,
          "unknown_miss_count": 7.0,
          "unknown_miss_rate": 0.11666666666666667
        }
      },
      "before": {
        "metrics": {
          "avg_cost_per_request_usd": 0.0,
          "avg_latency_ms": 0.3275092070301373,
          "end_to_end_success_rate": 0.25,
          "hallucination_rate": 0.55,
          "json_valid_rate": 1.0,
          "num_predictions": 60.0,
          "tool_selection_accuracy": 0.3125,
          "unknown_detection_f1": 0.0
        },
        "status": {
          "false_reject_count": 0.0,
          "false_reject_rate": 0.0,
          "num_total": 60.0,
          "unknown_miss_count": 12.0,
          "unknown_miss_rate": 0.2
        }
      },
      "delta": {
        "delta_end_to_end_success_rate": -0.04999999999999999,
        "delta_hallucination_rate": -0.15000000000000002,
        "delta_json_valid_rate": 0.0,
        "delta_tool_selection_accuracy": -0.16666666666666666,
        "delta_unknown_detection_f1": 0.29411764705882354
      }
    }
  },
  "strategy": "balanced",
  "unknown_token": "__unknown__"
}
