{
  "calibration": {
    "f1": 0.14285714285714285,
    "false_reject_rate": 0.17073170731707318,
    "fn": 17,
    "fp": 7,
    "precision": 0.2222222222222222,
    "recall": 0.10526315789473684,
    "threshold": 0.14,
    "tn": 34,
    "tp": 2,
    "unknown_miss_rate": 0.8947368421052632
  },
  "policy": {
    "dev_action_summary": {
      "clarify_rate": 0.23333333333333334,
      "effective_threshold": 0.14,
      "execute_rate": 0.6166666666666667,
      "min_confidence": 0.35,
      "num_clarify": 14.0,
      "num_execute": 37.0,
      "num_reject": 9.0,
      "num_total": 60.0,
      "reject_rate": 0.15
    },
    "effective_threshold": 0.14,
    "test_action_summary": {
      "clarify_rate": 0.21666666666666667,
      "effective_threshold": 0.14,
      "execute_rate": 0.5166666666666667,
      "min_confidence": 0.35,
      "num_clarify": 13.0,
      "num_execute": 31.0,
      "num_reject": 16.0,
      "num_total": 60.0,
      "reject_rate": 0.26666666666666666
    }
  },
  "splits": {
    "dev": {
      "after": {
        "metrics": {
          "avg_cost_per_request_usd": 0.0,
          "avg_latency_ms": 0.2675104886293411,
          "end_to_end_success_rate": 0.23333333333333334,
          "hallucination_rate": 0.3,
          "json_valid_rate": 1.0,
          "num_predictions": 60.0,
          "tool_selection_accuracy": 0.17073170731707318,
          "unknown_detection_f1": 0.3333333333333333
        },
        "status": {
          "false_reject_count": 16.0,
          "false_reject_rate": 0.26666666666666666,
          "num_total": 60.0,
          "unknown_miss_count": 12.0,
          "unknown_miss_rate": 0.2
        }
      },
      "before": {
        "metrics": {
          "avg_cost_per_request_usd": 0.0,
          "avg_latency_ms": 0.2675104886293411,
          "end_to_end_success_rate": 0.21666666666666667,
          "hallucination_rate": 0.4666666666666667,
          "json_valid_rate": 1.0,
          "num_predictions": 60.0,
          "tool_selection_accuracy": 0.3170731707317073,
          "unknown_detection_f1": 0.0
        },
        "status": {
          "false_reject_count": 0.0,
          "false_reject_rate": 0.0,
          "num_total": 60.0,
          "unknown_miss_count": 19.0,
          "unknown_miss_rate": 0.31666666666666665
        }
      },
      "delta": {
        "delta_end_to_end_success_rate": 0.016666666666666663,
        "delta_hallucination_rate": -0.16666666666666669,
        "delta_json_valid_rate": 0.0,
        "delta_tool_selection_accuracy": -0.14634146341463414,
        "delta_unknown_detection_f1": 0.3333333333333333
      }
    },
    "test": {
      "after": {
        "metrics": {
          "avg_cost_per_request_usd": 0.0,
          "avg_latency_ms": 0.34331095715363813,
          "end_to_end_success_rate": 0.2,
          "hallucination_rate": 0.31666666666666665,
          "json_valid_rate": 1.0,
          "num_predictions": 60.0,
          "tool_selection_accuracy": 0.125,
          "unknown_detection_f1": 0.2926829268292683
        },
        "status": {
          "false_reject_count": 23.0,
          "false_reject_rate": 0.38333333333333336,
          "num_total": 60.0,
          "unknown_miss_count": 6.0,
          "unknown_miss_rate": 0.1
        }
      },
      "before": {
        "metrics": {
          "avg_cost_per_request_usd": 0.0,
          "avg_latency_ms": 0.34331095715363813,
          "end_to_end_success_rate": 0.23333333333333334,
          "hallucination_rate": 0.5666666666666667,
          "json_valid_rate": 1.0,
          "num_predictions": 60.0,
          "tool_selection_accuracy": 0.2916666666666667,
          "unknown_detection_f1": 0.0
        },
        "status": {
          "false_reject_count": 0.0,
          "false_reject_rate": 0.0,
          "num_total": 60.0,
          "unknown_miss_count": 12.0,
          "unknown_miss_rate": 0.2
        }
      },
      "delta": {
        "delta_end_to_end_success_rate": -0.033333333333333326,
        "delta_hallucination_rate": -0.25,
        "delta_json_valid_rate": 0.0,
        "delta_tool_selection_accuracy": -0.16666666666666669,
        "delta_unknown_detection_f1": 0.2926829268292683
      }
    }
  },
  "strategy": "balanced",
  "unknown_token": "__unknown__"
}
